USE Hospital_Management_System;

INSERT INTO patients (patient_id, first_name, last_name, password, email, gender, address) VALUES
('P001', 'John', 'Doe', 'password123', 'john.doe@example.com', 'Male', '123 Elm Street'),
('P002', 'Jane', 'Smith', 'password123', 'jane.smith@example.com', 'Female', '456 Oak Avenue'),
('P003', 'Alice', 'Brown', 'password123', 'alice.brown@example.com', 'Female', '789 Pine Road'),
('P004', 'Bob', 'Johnson', 'password123', 'bob.johnson@example.com', 'Male', '321 Maple Lane'),
('P005', 'Carol', 'Davis', 'password123', 'carol.davis@example.com', 'Female', '654 Birch Street'),
('P006', 'David', 'Wilson', 'password123', 'david.wilson@example.com', 'Male', '987 Cedar Avenue'),
('P007', 'Emma', 'Moore', 'password123', 'emma.moore@example.com', 'Female', '111 Oak Street'),
('P008', 'Frank', 'Taylor', 'password123', 'frank.taylor@example.com', 'Male', '222 Pine Avenue'),
('P009', 'Grace', 'Anderson', 'password123', 'grace.anderson@example.com', 'Female', '333 Maple Road'),
('P010', 'Hank', 'Thomas', 'password123', 'hank.thomas@example.com', 'Male', '444 Birch Lane'),
('P011', 'Ivy', 'Jackson', 'password123', 'ivy.jackson@example.com', 'Female', '555 Cedar Street'),
('P012', 'Jack', 'White', 'password123', 'jack.white@example.com', 'Male', '666 Elm Avenue'),
('P013', 'Kara', 'Harris', 'password123', 'kara.harris@example.com', 'Female', '777 Pine Lane'),
('P014', 'Leo', 'Martin', 'password123', 'leo.martin@example.com', 'Male', '888 Maple Street'),
('P015', 'Mia', 'Thompson', 'password123', 'mia.thompson@example.com', 'Female', '999 Birch Avenue'),
('P016', 'Nate', 'Garcia', 'password123', 'nate.garcia@example.com', 'Male', '101 Cedar Road'),
('P017', 'Olivia', 'Martinez', 'password123', 'olivia.martinez@example.com', 'Female', '202 Elm Lane'),
('P018', 'Paul', 'Robinson', 'password123', 'paul.robinson@example.com', 'Male', '303 Oak Avenue'),
('P019', 'Quinn', 'Clark', 'password123', 'quinn.clark@example.com', 'Female', '404 Pine Street'),
('P020', 'Rita', 'Rodriguez', 'password123', 'rita.rodriguez@example.com', 'Female', '505 Maple Avenue'),
('P021', 'Sam', 'Lewis', 'password123', 'sam.lewis@example.com', 'Male', '606 Birch Road'),
('P022', 'Tina', 'Lee', 'password123', 'tina.lee@example.com', 'Female', '707 Cedar Lane'),
('P023', 'Uma', 'Walker', 'password123', 'uma.walker@example.com', 'Female', '808 Elm Street'),
('P024', 'Vince', 'Hall', 'password123', 'vince.hall@example.com', 'Male', '909 Oak Lane'),
('P025', 'Wendy', 'Allen', 'password123', 'wendy.allen@example.com', 'Female', '1010 Pine Avenue'),
('P026', 'Xander', 'Young', 'password123', 'xander.young@example.com', 'Male', '1111 Maple Road'),
('P027', 'Yara', 'King', 'password123', 'yara.king@example.com', 'Female', '1212 Birch Street'),
('P028', 'Zane', 'Scott', 'password123', 'zane.scott@example.com', 'Male', '1313 Cedar Avenue'),
('P029', 'Amy', 'Adams', 'password123', 'amy.adams@example.com', 'Female', '1414 Elm Lane'),
('P030', 'Brian', 'Baker', 'password123', 'brian.baker@example.com', 'Male', '1515 Oak Street');


INSERT INTO doctors (doctor_id, first_name, last_name, gender, speciality, email, password) VALUES
('D001', 'Ethan', 'Miller', 'Male', 'Cardiology', 'ethan.miller@example.com', 'password123'),
('D002', 'Sophia', 'Martinez', 'Female', 'Dermatology', 'sophia.martinez@example.com', 'password123'),
('D003', 'Liam', 'Rodriguez', 'Male', 'Neurology', 'liam.rodriguez@example.com', 'password123'),
('D004', 'Isabella', 'Hernandez', 'Female', 'Pediatrics', 'isabella.hernandez@example.com', 'password123'),
('D005', 'Noah', 'Lopez', 'Male', 'Orthopedics', 'noah.lopez@example.com', 'password123'),
('D006', 'Mia', 'Gonzalez', 'Female', 'Radiology', 'mia.gonzalez@example.com', 'password123'),
('D007', 'Lucas', 'Wilson', 'Male', 'Oncology', 'lucas.wilson@example.com', 'password123'),
('D008', 'Amelia', 'Anderson', 'Female', 'Gynecology', 'amelia.anderson@example.com', 'password123'),
('D009', 'Mason', 'Thomas', 'Male', 'Urology', 'mason.thomas@example.com', 'password123'),
('D010', 'Olivia', 'Taylor', 'Female', 'Psychiatry', 'olivia.taylor@example.com', 'password123'),
('D011', 'James', 'Moore', 'Male', 'Surgery', 'james.moore@example.com', 'password123'),
('D012', 'Emma', 'Jackson', 'Female', 'Anesthesiology', 'emma.jackson@example.com', 'password123'),
('D013', 'Benjamin', 'Lee', 'Male', 'Emergency Medicine', 'benjamin.lee@example.com', 'password123'),
('D014', 'Ava', 'Perez', 'Female', 'Ophthalmology', 'ava.perez@example.com', 'password123'),
('D015', 'Elijah', 'White', 'Male', 'Pathology', 'elijah.white@example.com', 'password123'),
('D016', 'Charlotte', 'Harris', 'Female', 'Endocrinology', 'charlotte.harris@example.com', 'password123'),
('D017', 'Oliver', 'Martin', 'Male', 'Gastroenterology', 'oliver.martin@example.com', 'password123'),
('D018', 'Sophia', 'Thompson', 'Female', 'Nephrology', 'sophia.thompson@example.com', 'password123'),
('D019', 'Henry', 'Garcia', 'Male', 'Hematology', 'henry.garcia@example.com', 'password123'),
('D020', 'Evelyn', 'Martinez', 'Female', 'Pulmonology', 'evelyn.martinez@example.com', 'password123'),
('D021', 'William', 'Robinson', 'Male', 'Infectious Disease', 'william.robinson@example.com', 'password123'),
('D022', 'Scarlett', 'Clark', 'Female', 'Rheumatology', 'scarlett.clark@example.com', 'password123'),
('D023', 'Alexander', 'Lewis', 'Male', 'Immunology', 'alexander.lewis@example.com', 'password123'),
('D024', 'Victoria', 'Lee', 'Female', 'Neonatology', 'victoria.lee@example.com', 'password123'),
('D025', 'David', 'Walker', 'Male', 'Occupational Medicine', 'david.walker@example.com', 'password123'),
('D026', 'Ella', 'Hall', 'Female', 'Geriatrics', 'ella.hall@example.com', 'password123'),
('D027', 'Daniel', 'Allen', 'Male', 'Allergy & Immunology', 'daniel.allen@example.com', 'password123'),
('D028', 'Lily', 'Young', 'Female', 'Sleep Medicine', 'lily.young@example.com', 'password123'),
('D029', 'Matthew', 'King', 'Male', 'Sports Medicine', 'matthew.king@example.com', 'password123'),
('D030', 'Samantha', 'Scott', 'Female', 'Pain Medicine', 'samantha.scott@example.com', 'password123');


INSERT INTO location (room_number, floor, building_name) VALUES
('R001', 1, 'Building A'),
('R002', 1, 'Building A'),
('R003', 1, 'Building A'),
('R004', 2, 'Building B'),
('R005', 2, 'Building B'),
('R006', 2, 'Building B'),
('R007', 3, 'Building C'),
('R008', 3, 'Building C'),
('R009', 3, 'Building C'),
('R010', 4, 'Building D'),
('R011', 4, 'Building D'),
('R012', 4, 'Building D'),
('R013', 5, 'Building E'),
('R014', 5, 'Building E'),
('R015', 5, 'Building E'),
('R016', 6, 'Building F'),
('R017', 6, 'Building F'),
('R018', 6, 'Building F'),
('R019', 7, 'Building G'),
('R020', 7, 'Building G'),
('R021', 7, 'Building G'),
('R022', 8, 'Building H'),
('R023', 8, 'Building H'),
('R024', 8, 'Building H'),
('R025', 9, 'Building I'),
('R026', 9, 'Building I'),
('R027', 9, 'Building I'),
('R028', 10, 'Building J'),
('R029', 10, 'Building J'),
('R030', 10, 'Building J');


INSERT INTO medical_histories (medical_id, date_time, surgery, medication, `condition`, patient_id, doctor_id) VALUES
('M001', '2023-01-01 10:00:00', 'Appendectomy', 'Ibuprofen', 'Appendicitis', 'P001', 'D001'),
('M002', '2023-01-02 11:00:00', 'None', 'Paracetamol', 'Flu', 'P002', 'D002'),
('M003', '2023-01-03 12:00:00', 'Knee Surgery', 'Aspirin', 'Arthritis', 'P003', 'D003'),
('M004', '2023-01-04 13:00:00', 'None', 'Metformin', 'Diabetes', 'P004', 'D004'),
('M005', '2023-01-05 14:00:00', 'Gallbladder Removal', 'Omeprazole', 'Gallstones', 'P005', 'D005'),
('M006', '2023-01-06 15:00:00', 'Cataract Surgery', 'Prednisolone', 'Cataracts', 'P006', 'D006'),
('M007', '2023-01-07 16:00:00', 'None', 'Lisinopril', 'Hypertension', 'P007', 'D007'),
('M008', '2023-01-08 17:00:00', 'Hip Replacement', 'Tramadol', 'Osteoarthritis', 'P008', 'D008'),
('M009', '2023-01-09 18:00:00', 'None', 'Levothyroxine', 'Hypothyroidism', 'P009', 'D009'),
('M010', '2023-01-10 19:00:00', 'Heart Bypass', 'Atorvastatin', 'Heart Disease', 'P010', 'D010'),
('M011', '2023-01-11 20:00:00', 'None', 'Amoxicillin', 'Bronchitis', 'P011', 'D011'),
('M012', '2023-01-12 21:00:00', 'Hernia Repair', 'Naproxen', 'Hernia', 'P012', 'D012'),
('M013', '2023-01-13 22:00:00', 'None', 'Warfarin', 'Atrial Fibrillation', 'P013', 'D013'),
('M014', '2023-01-14 23:00:00', 'Thyroidectomy', 'Synthroid', 'Thyroid Cancer', 'P014', 'D014'),
('M015', '2023-01-15 09:00:00', 'None', 'Losartan', 'Heart Failure', 'P015', 'D015'),
('M016', '2023-01-16 08:00:00', 'None', 'Citalopram', 'Depression', 'P016', 'D016'),
('M017', '2023-01-17 07:00:00', 'None', 'Insulin', 'Diabetes', 'P017', 'D017'),
('M018', '2023-01-18 06:00:00', 'None', 'Clopidogrel', 'Stroke', 'P018', 'D018'),
('M019', '2023-01-19 05:00:00', 'None', 'Azithromycin', 'Pneumonia', 'P019', 'D019'),
('M020', '2023-01-20 04:00:00', 'None', 'Furosemide', 'Edema', 'P020', 'D020'),
('M021', '2023-01-21 03:00:00', 'Hysterectomy', 'Estrogen', 'Uterine Fibroids', 'P021', 'D021'),
('M022', '2023-01-22 02:00:00', 'None', 'Sertraline', 'Anxiety', 'P022', 'D022'),
('M023', '2023-01-23 01:00:00', 'None', 'Simvastatin', 'High Cholesterol', 'P023', 'D023'),
('M024', '2023-01-24 00:00:00', 'None', 'Prednisone', 'Asthma', 'P024', 'D024'),
('M025', '2023-01-25 11:30:00', 'None', 'Hydrochlorothiazide', 'Hypertension', 'P025', 'D025'),
('M026', '2023-01-26 12:30:00', 'None', 'Metoprolol', 'Heart Disease', 'P026', 'D026'),
('M027', '2023-01-27 13:30:00', 'None', 'Gabapentin', 'Neuropathy', 'P027', 'D027'),
('M028', '2023-01-28 14:30:00', 'None', 'Ibuprofen', 'Pain', 'P028', 'D028'),
('M029', '2023-01-29 15:30:00', 'None', 'Lyrica', 'Fibromyalgia', 'P029', 'D029'),
('M030', '2023-01-30 16:30:00', 'None', 'Spironolactone', 'Acne', 'P030', 'D030');


INSERT INTO schedules (schedule_id, start_time, end_time, break_time, day, availability, time_table, locations_room_number, doctors_doctor_id) VALUES
(1, '08:00:00', '12:00:00', '10:00-10:30', 'Monday', 'Available', 'Morning', 'R001', 'D001'),
(2, '13:00:00', '17:00:00', '15:00-15:30', 'Monday', 'Available', 'Afternoon', 'R002', 'D002'),
(3, '08:00:00', '12:00:00', '10:00-10:30', 'Tuesday', 'Available', 'Morning', 'R003', 'D003'),
(4, '13:00:00', '17:00:00', '15:00-15:30', 'Tuesday', 'Available', 'Afternoon', 'R004', 'D004'),
(5, '08:00:00', '12:00:00', '10:00-10:30', 'Wednesday', 'Available', 'Morning', 'R005', 'D005'),
(6, '13:00:00', '17:00:00', '15:00-15:30', 'Wednesday', 'Available', 'Afternoon', 'R006', 'D006'),
(7, '08:00:00', '12:00:00', '10:00-10:30', 'Thursday', 'Available', 'Morning', 'R007', 'D007'),
(8, '13:00:00', '17:00:00', '15:00-15:30', 'Thursday', 'Available', 'Afternoon', 'R008', 'D008'),
(9, '08:00:00', '12:00:00', '10:00-10:30', 'Friday', 'Available', 'Morning', 'R009', 'D009'),
(10, '13:00:00', '17:00:00', '15:00-15:30', 'Friday', 'Available', 'Afternoon', 'R010', 'D010'),
(11, '08:00:00', '12:00:00', '10:00-10:30', 'Saturday', 'Available', 'Morning', 'R011', 'D011'),
(12, '13:00:00', '17:00:00', '15:00-15:30', 'Saturday', 'Available', 'Afternoon', 'R012', 'D012'),
(13, '08:00:00', '12:00:00', '10:00-10:30', 'Sunday', 'Available', 'Morning', 'R013', 'D013'),
(14, '13:00:00', '17:00:00', '15:00-15:30', 'Sunday', 'Available', 'Afternoon', 'R014', 'D014'),
(15, '08:00:00', '12:00:00', '10:00-10:30', 'Monday', 'Available', 'Morning', 'R015', 'D015'),
(16, '13:00:00', '17:00:00', '15:00-15:30', 'Monday', 'Available', 'Afternoon', 'R016', 'D016'),
(17, '08:00:00', '12:00:00', '10:00-10:30', 'Tuesday', 'Available', 'Morning', 'R017', 'D017'),
(18, '13:00:00', '17:00:00', '15:00-15:30', 'Tuesday', 'Available', 'Afternoon', 'R018', 'D018'),
(19, '08:00:00', '12:00:00', '10:00-10:30', 'Wednesday', 'Available', 'Morning', 'R019', 'D019'),
(20, '13:00:00', '17:00:00', '15:00-15:30', 'Wednesday', 'Available', 'Afternoon', 'R020', 'D020'),
(21, '08:00:00', '12:00:00', '10:00-10:30', 'Thursday', 'Available', 'Morning', 'R021', 'D021'),
(22, '13:00:00', '17:00:00', '15:00-15:30', 'Thursday', 'Available', 'Afternoon', 'R022', 'D022'),
(23, '08:00:00', '12:00:00', '10:00-10:30', 'Friday', 'Available', 'Morning', 'R023', 'D023'),
(24, '13:00:00', '17:00:00', '15:00-15:30', 'Friday', 'Available', 'Afternoon', 'R024', 'D024'),
(25, '08:00:00', '12:00:00', '10:00-10:30', 'Saturday', 'Available', 'Morning', 'R025', 'D025'),
(26, '13:00:00', '17:00:00', '15:00-15:30', 'Saturday', 'Available', 'Afternoon', 'R026', 'D026'),
(27, '08:00:00', '12:00:00', '10:00-10:30', 'Sunday', 'Available', 'Morning', 'R027', 'D027'),
(28, '13:00:00', '17:00:00', '15:00-15:30', 'Sunday', 'Available', 'Afternoon', 'R028', 'D028'),
(29, '08:00:00', '12:00:00', '10:00-10:30', 'Monday', 'Available', 'Morning', 'R029', 'D029'),
(30, '13:00:00', '17:00:00', '15:00-15:30', 'Monday', 'Available', 'Afternoon', 'R030', 'D030');


INSERT INTO appointments (appointment_id, date, start_time, end_time, status, room, patient_id, doctor_id, schedule_id) VALUES
('A001', '2023-06-01', '08:00:00', '08:30:00', 'Completed', 'R001', 'P001', 'D001', 1),
('A002', '2023-06-02', '08:30:00', '09:00:00', 'Completed', 'R002', 'P002', 'D002', 2),
('A003', '2023-06-03', '09:00:00', '09:30:00', 'Completed', 'R003', 'P003', 'D003', 3),
('A004', '2023-06-04', '09:30:00', '10:00:00', 'Completed', 'R004', 'P004', 'D004', 4),
('A005', '2023-06-05', '10:00:00', '10:30:00', 'Completed', 'R005', 'P005', 'D005', 5),
('A006', '2023-06-06', '10:30:00', '11:00:00', 'Completed', 'R006', 'P006', 'D006', 6),
('A007', '2023-06-07', '11:00:00', '11:30:00', 'Completed', 'R007', 'P007', 'D007', 7),
('A008', '2023-06-08', '11:30:00', '12:00:00', 'Completed', 'R008', 'P008', 'D008', 8),
('A009', '2023-06-09', '12:00:00', '12:30:00', 'Completed', 'R009', 'P009', 'D009', 9),
('A010', '2023-06-10', '12:30:00', '13:00:00', 'Completed', 'R010', 'P010', 'D010', 10),
('A011', '2023-06-11', '13:00:00', '13:30:00', 'Completed', 'R011', 'P011', 'D011', 11),
('A012', '2023-06-12', '13:30:00', '14:00:00', 'Completed', 'R012', 'P012', 'D012', 12),
('A013', '2023-06-13', '14:00:00', '14:30:00', 'Completed', 'R013', 'P013', 'D013', 13),
('A014', '2023-06-14', '14:30:00', '15:00:00', 'Completed', 'R014', 'P014', 'D014', 14),
('A015', '2023-06-15', '15:00:00', '15:30:00', 'Completed', 'R015', 'P015', 'D015', 15),
('A016', '2023-06-16', '15:30:00', '16:00:00', 'Completed', 'R016', 'P016', 'D016', 16),
('A017', '2023-06-17', '16:00:00', '16:30:00', 'Completed', 'R017', 'P017', 'D017', 17),
('A018', '2023-06-18', '16:30:00', '17:00:00', 'Completed', 'R018', 'P018', 'D018', 18),
('A019', '2023-06-19', '17:00:00', '17:30:00', 'Completed', 'R019', 'P019', 'D019', 19),
('A020', '2023-06-20', '17:30:00', '18:00:00', 'Completed', 'R020', 'P020', 'D020', 20),
('A021', '2023-06-21', '08:00:00', '08:30:00', 'Completed', 'R021', 'P021', 'D021', 21),
('A022', '2023-06-22', '08:30:00', '09:00:00', 'Completed', 'R022', 'P022', 'D022', 22),
('A023', '2023-06-23', '09:00:00', '09:30:00', 'Completed', 'R023', 'P023', 'D023', 23),
('A024', '2023-06-24', '09:30:00', '10:00:00', 'Completed', 'R024', 'P024', 'D024', 24),
('A025', '2023-06-25', '10:00:00', '10:30:00', 'Completed', 'R025', 'P025', 'D025', 25),
('A026', '2023-06-26', '10:30:00', '11:00:00', 'Completed', 'R026', 'P026', 'D026', 26),
('A027', '2023-06-27', '11:00:00', '11:30:00', 'Completed', 'R027', 'P027', 'D027', 27),
('A028', '2023-06-28', '11:30:00', '12:00:00', 'Completed', 'R028', 'P028', 'D028', 28),
('A029', '2023-06-29', '12:00:00', '12:30:00', 'Completed', 'R029', 'P029', 'D029', 29),
('A030', '2023-06-30', '12:30:00', '13:00:00', 'Completed', 'R030', 'P030', 'D030', 30);


